key,demand,unit
agriculture_burner_crude_oil,2824.2870000000044,tj
agriculture_burner_hydrogen,0.0,tj
agriculture_burner_network_gas,14315.169387751203,tj
agriculture_burner_wood_pellets,2993.33440886983,tj
agriculture_chp_engine_biogas,3611.21129032258,tj
agriculture_chp_engine_network_gas_dispatchable,89114.7802924657,tj
agriculture_chp_engine_network_gas_must_run,0.0,tj
agriculture_chp_wood_pellets,307.690175414342,tj
agriculture_final_demand_bio_kerosene,0.0,tj
agriculture_final_demand_biodiesel,69.25499999999998,tj
agriculture_final_demand_crude_oil,2824.2870000000044,tj
agriculture_final_demand_diesel,2247.7252812937904,tj
agriculture_final_demand_electricity,26409.553,tj
agriculture_final_demand_ht_central_steam_hot_water,1948.754105027888,tj
agriculture_final_demand_ht_steam_hot_water,46095.63008925121,tj
agriculture_final_demand_hydrogen,0.0,tj
agriculture_final_demand_kerosene,0.0,tj
agriculture_final_demand_local_steam_hot_water,44146.87598422333,tj
agriculture_final_demand_lpg,156.05771870621402,tj
agriculture_final_demand_mt_steam_hot_water,0.0,tj
agriculture_final_demand_network_gas,14315.169387751203,tj
agriculture_final_demand_other_bio_oil,0.0,tj
agriculture_final_demand_other_oil,351.2490000000003,tj
agriculture_final_demand_wood_pellets,2993.33440886983,tj
agriculture_flexibility_p2h_hydrogen_electricity,0.0,tj
agriculture_flexibility_p2h_network_gas_electricity,0.0,tj
agriculture_geothermal,7093.053913043492,tj
agriculture_heat_backup_burner_network_gas,2.9628716626213594e-11,tj
agriculture_heat_unused_steam_hot_water,0.0,tj
agriculture_heatpump_water_water_electricity,0.0,tj
agriculture_heatpump_water_water_ts_electricity,313.6367556070209,tj
agriculture_hydrogen_hybrid_heat,0.0,tj
agriculture_locally_available_electricity,34592.170693495675,tj
agriculture_locally_available_steam_hot_water,44146.87598422333,tj
agriculture_network_gas_hybrid_heat,12883.652448976081,tj
agriculture_useful_demand_electricity,26100.372706277954,tj
agriculture_useful_demand_useable_heat,70890.77769012103,tj
buildings_appliances_coal,312.82000000000005,tj
buildings_appliances_crude_oil,414.266,tj
buildings_appliances_electricity,41925.85132288642,tj
buildings_appliances_network_gas,51.21070145512928,tj
buildings_appliances_wood_pellets,0.0,tj
buildings_cooling_airconditioning_electricity,60191.72491918955,tj
buildings_cooling_collective_heatpump_water_water_ts_electricity,3084.9972908470136,tj
buildings_cooling_heatpump_air_water_electricity,5278.773142115712,tj
buildings_cooling_heatpump_air_water_network_gas,6.4972462758e-12,tj
buildings_cooling_heatpump_surface_water_water_ts_electricity,0.0,tj
buildings_cooling_savings_insulation_cooling,0.0,tj
buildings_final_demand_bio_kerosene,0.0,tj
buildings_final_demand_biodiesel,0.0,tj
buildings_final_demand_coal,312.82000000000005,tj
buildings_final_demand_crude_oil,414.266,tj
buildings_final_demand_diesel,0.0,tj
buildings_final_demand_electricity,113895.06100000006,tj
buildings_final_demand_for_appliances_coal,312.82000000000005,tj
buildings_final_demand_for_appliances_crude_oil,414.266,tj
buildings_final_demand_for_appliances_electricity,41925.85132288642,tj
buildings_final_demand_for_appliances_network_gas,51.21070145512928,tj
buildings_final_demand_for_appliances_wood_pellets,0.0,tj
buildings_final_demand_for_cooling_electricity,16382.63352825002,tj
buildings_final_demand_for_cooling_network_gas,3.821909573999999e-12,tj
buildings_final_demand_for_lighting_electricity,30533.819240000004,tj
buildings_final_demand_for_space_heating_coal,0.0,tj
buildings_final_demand_for_space_heating_crude_oil,0.0,tj
buildings_final_demand_for_space_heating_electricity,25052.75690886362,tj
buildings_final_demand_for_space_heating_ht_steam_hot_water,10162.149500667001,tj
buildings_final_demand_for_space_heating_hydrogen,0.0,tj
buildings_final_demand_for_space_heating_lt_steam_hot_water,0.0,tj
buildings_final_demand_for_space_heating_mt_steam_hot_water,0.0,tj
buildings_final_demand_for_space_heating_network_gas,88830.40729854489,tj
buildings_final_demand_for_space_heating_wood_pellets,1198.8087853355103,tj
buildings_final_demand_ht_steam_hot_water,10162.149500667001,tj
buildings_final_demand_hydrogen,0.0,tj
buildings_final_demand_kerosene,0.0,tj
buildings_final_demand_lpg,0.0,tj
buildings_final_demand_lt_steam_hot_water,0.0,tj
buildings_final_demand_mt_steam_hot_water,0.0,tj
buildings_final_demand_network_gas,88881.61800000003,tj
buildings_final_demand_other_bio_oil,0.0,tj
buildings_final_demand_other_oil,414.266,tj
buildings_final_demand_solar_thermal,235.00000000000003,tj
buildings_final_demand_wood_pellets,1198.8087853355103,tj
buildings_lighting_efficient_fluorescent_electricity,7325.598180566959,tj
buildings_lighting_led_electricity,14051.223333724369,tj
buildings_lighting_savings_from_daylight_control_light,517.8715500922339,tj
buildings_lighting_savings_from_motion_detection_light,396.5403658452697,tj
buildings_lighting_standard_fluorescent_electricity,9156.997725708676,tj
buildings_local_production_electricity,133931.923,tj
buildings_solar_pv_solar_radiation,150250.216999617,tj
buildings_space_heater_coal,0.0,tj
buildings_space_heater_coal_aggregator,0.0,tj
buildings_space_heater_collective_heatpump_water_water_ts_electricity,4413.454057775541,tj
buildings_space_heater_collective_heatpump_water_water_ts_electricity_aggregator,4413.454057775541,tj
buildings_space_heater_combined_hydrogen,0.0,tj
buildings_space_heater_combined_hydrogen_aggregator,0.0,tj
buildings_space_heater_crude_oil,0.0,tj
buildings_space_heater_crude_oil_aggregator,0.0,tj
buildings_space_heater_deficit,0.0,tj
buildings_space_heater_district_heating_ht_steam_hot_water,10162.149500667001,tj
buildings_space_heater_district_heating_ht_steam_hot_water_aggregator,10162.149500667001,tj
buildings_space_heater_district_heating_lt_steam_hot_water,0.0,tj
buildings_space_heater_district_heating_lt_steam_hot_water_aggregator,0.0,tj
buildings_space_heater_district_heating_mt_steam_hot_water,0.0,tj
buildings_space_heater_district_heating_mt_steam_hot_water_aggregator,0.0,tj
buildings_space_heater_electricity,22189.86623492701,tj
buildings_space_heater_electricity_aggregator,22189.86623492701,tj
buildings_space_heater_heatpump_air_water_electricity,7600.948655057867,tj
buildings_space_heater_heatpump_air_water_electricity_aggregator,7600.948655057867,tj
buildings_space_heater_heatpump_air_water_network_gas,0.0,tj
buildings_space_heater_heatpump_air_water_network_gas_aggregator,0.0,tj
buildings_space_heater_heatpump_surface_water_water_ts_electricity,0.0,tj
buildings_space_heater_heatpump_surface_water_water_ts_electricity_aggregator,0.0,tj
buildings_space_heater_hybrid_crude_oil_heatpump_air_water_electricity,0.0,tj
buildings_space_heater_hybrid_crude_oil_heatpump_air_water_electricity_aggregator,0.0,tj
buildings_space_heater_hybrid_heatpump_air_water_electricity,0.0,tj
buildings_space_heater_hybrid_heatpump_air_water_electricity_aggregator,0.0,tj
buildings_space_heater_hybrid_hydrogen_heatpump_air_water_electricity,0.0,tj
buildings_space_heater_hybrid_hydrogen_heatpump_air_water_electricity_aggregator,0.0,tj
buildings_space_heater_network_gas,88830.40729854489,tj
buildings_space_heater_network_gas_aggregator,94782.0445875474,tj
buildings_space_heater_solar_thermal,235.00000000000003,tj
buildings_space_heater_wood_pellets,1198.8087853355103,tj
buildings_space_heater_wood_pellets_aggregator,983.0232039751182,tj
buildings_useful_demand_after_insulation_cooling,68555.49535215228,tj
buildings_useful_demand_after_motion_detection_daylight_control_light,9253.289772402746,tj
buildings_useful_demand_after_motion_detection_light,9771.16132249498,tj
buildings_useful_demand_cooling,68555.49535215228,tj
buildings_useful_demand_for_appliances,42704.14802434155,tj
buildings_useful_demand_for_space_heating_buildings_future,0.0,tj
buildings_useful_demand_for_space_heating_buildings_future_after_solar_thermal,0.0,tj
buildings_useful_demand_for_space_heating_buildings_present,140366.4862399499,tj
buildings_useful_demand_for_space_heating_buildings_present_after_solar_thermal,140131.4862399499,tj
buildings_useful_demand_light,10167.70168834025,tj
bunkers_aviation_mixer_kerosene,0.0,tj
bunkers_final_demand_ammonia,0.0,tj
bunkers_final_demand_bio_kerosene,0.0,tj
bunkers_final_demand_electricity,0.0,tj
bunkers_final_demand_for_aviation_bio_kerosene,0.0,tj
bunkers_final_demand_for_aviation_electricity,0.0,tj
bunkers_final_demand_for_aviation_hydrogen,0.0,tj
bunkers_final_demand_for_aviation_kerosene,0.0,tj
bunkers_final_demand_for_shipping_ammonia,0.0,tj
bunkers_final_demand_for_shipping_electricity,0.0,tj
bunkers_final_demand_for_shipping_heavy_fuel_oil,0.0,tj
bunkers_final_demand_for_shipping_hydrogen,0.0,tj
bunkers_final_demand_for_shipping_lng,0.0,tj
bunkers_final_demand_heavy_fuel_oil,0.0,tj
bunkers_final_demand_hydrogen,0.0,tj
bunkers_final_demand_kerosene,0.0,tj
bunkers_final_demand_lng,0.0,tj
bunkers_plane_using_electricity,0.0,tj
bunkers_plane_using_hydrogen,0.0,tj
bunkers_plane_using_kerosene_mix,0.0,tj
bunkers_ship_using_ammonia,0.0,tj
bunkers_ship_using_electricity,0.0,tj
bunkers_ship_using_heavy_fuel_oil,0.0,tj
bunkers_ship_using_hydrogen,0.0,tj
bunkers_ship_using_lng,0.0,tj
bunkers_total_useful_demand_planes,139686.822,tj
bunkers_total_useful_demand_ships,420981.325,tj
bunkers_useful_demand_planes,0.0,tj
bunkers_useful_demand_ships,0.0,tj
energy_battery_curtailed_solar_electricity,0.0,tj
energy_battery_curtailed_wind_electricity,0.0,tj
energy_battery_solar_electricity,0.0,tj
energy_battery_solar_pv_solar_radiation,0.0,tj
energy_battery_unused_electricity,0.0,tj
energy_battery_wind_electricity,0.0,tj
energy_battery_wind_turbine_inland,0.0,tj
energy_biogas_fermentation_wet_biomass,34513.487420148966,tj
energy_blastfurnace_transformation_cokes,63808.49648607726,tj
energy_chemical_fertilizers_transformation_external_coupling_node,0.0,tj
energy_chemical_other_transformation_external_coupling_node,0.0,tj
energy_chemical_refineries_transformation_external_coupling_node,0.0,tj
energy_chp_coal_gas,2472.063999999997,tj
energy_chp_combined_cycle_ht_network_gas,0.0,tj
energy_chp_combined_cycle_mt_network_gas,0.0,tj
energy_chp_local_engine_ht_biogas,3157.19516129032,tj
energy_chp_local_engine_ht_network_gas,0.0,tj
energy_chp_local_engine_mt_biogas,0.0,tj
energy_chp_local_engine_mt_network_gas,0.0,tj
energy_chp_local_ht_wood_pellets_ccs_dispatchable,0.0,tj
energy_chp_local_ht_wood_pellets_ccs_must_run,0.0,tj
energy_chp_local_ht_wood_pellets_dispatchable,12850.6883422272,tj
energy_chp_local_ht_wood_pellets_must_run,0.0,tj
energy_chp_local_mt_wood_pellets_ccs_dispatchable,0.0,tj
energy_chp_local_mt_wood_pellets_ccs_must_run,0.0,tj
energy_chp_local_mt_wood_pellets_dispatchable,0.0,tj
energy_chp_local_mt_wood_pellets_must_run,0.0,tj
energy_chp_supercritical_ccs_ht_waste_mix,0.0,tj
energy_chp_supercritical_ccs_mt_waste_mix,0.0,tj
energy_chp_supercritical_ht_waste_mix,67133.1905464697,tj
energy_chp_supercritical_mt_waste_mix,0.0,tj
energy_chp_ultra_supercritical_cofiring_ht_coal,51929.51904,tj
energy_chp_ultra_supercritical_cofiring_mt_coal,0.0,tj
energy_chp_ultra_supercritical_ht_coal,4503.04318636364,tj
energy_chp_ultra_supercritical_ht_lignite,0.0,tj
energy_chp_ultra_supercritical_mt_coal,0.0,tj
energy_chp_ultra_supercritical_mt_lignite,0.0,tj
energy_cokesoven_transformation_coal,67665.55539456464,tj
energy_compressor_network_gas,2621.9129013008705,tj
energy_direct_air_capture_co2_electricity,0.0,tj
energy_distribution_ammonia,0.0,tj
energy_distribution_bio_ethanol,10780.533,tj
energy_distribution_bio_kerosene,0.0,tj
energy_distribution_bio_lng,0.0,tj
energy_distribution_bio_oil,251.15999999999994,tj
energy_distribution_biodiesel,15008.675999999985,tj
energy_distribution_biogas,18637.283206880442,tj
energy_distribution_biogenic_waste,35122.59970457896,tj
energy_distribution_coal,169355.5822948124,tj
energy_distribution_coal_gas,42147.78899999999,tj
energy_distribution_cokes,50186.70380926848,tj
energy_distribution_crude_oil,3014995.3829747066,tj
energy_distribution_crude_oil_loss,0.0,tj
energy_distribution_diesel,854700.4839999997,tj
energy_distribution_dry_biomass,87078.21512764336,tj
energy_distribution_gasoline,197581.22500000003,tj
energy_distribution_greengas,11809.532371491203,tj
energy_distribution_heavy_fuel_oil,393140.02999999933,tj
energy_distribution_ht_steam_hot_water,29636.731605694877,tj
energy_distribution_kerosene,363040.98000000115,tj
energy_distribution_lignite,0.0,tj
energy_distribution_liquid_hydrogen,0.0,tj
energy_distribution_lng,347367.6601802593,tj
energy_distribution_lohc,0.0,tj
energy_distribution_lpg,82818.145,tj
energy_distribution_lt_steam_hot_water,0.0,tj
energy_distribution_methanol,0.0,tj
energy_distribution_mt_steam_hot_water,0.0,tj
energy_distribution_naphtha,484137.27699999907,tj
energy_distribution_natural_gas,593633.967850172,tj
energy_distribution_network_gas_loss,47.442999999976124,tj
energy_distribution_non_biogenic_waste,32814.242874411066,tj
energy_distribution_oily_biomass,15488.89784441979,tj
energy_distribution_propane,0.0,tj
energy_distribution_torrefied_biomass_pellets,0.0,tj
energy_distribution_uranium_oxide,38954.8058691284,tj
energy_distribution_waste_mix,67936.84257899002,tj
energy_distribution_wet_biomass,62883.31110435949,tj
energy_distribution_wood_pellets,78370.39361487902,tj
energy_export_ammonia_backup,0.0,tj
energy_export_ammonia_baseload,0.0,tj
energy_export_bio_kerosene_backup,0.0,tj
energy_export_bio_oil_products_backup,0.0,tj
energy_export_biodiesel_backup,0.0,tj
energy_export_coal_backup,0.0,tj
energy_export_coal_baseload,0.0,tj
energy_export_cokes_backup,10738.941652586755,tj
energy_export_cokes_baseload,0.0,tj
energy_export_crude_oil_backup,0.0,tj
energy_export_crude_oil_baseload,0.0,tj
energy_export_diesel_backup,626630.7179473675,tj
energy_export_diesel_baseload,0.0,tj
energy_export_electricity,20461.886987918762,tj
energy_export_gasoline_backup,27580.246000000032,tj
energy_export_gasoline_baseload,0.0,tj
energy_export_greengas_backup,0.0,tj
energy_export_greengas_baseload,0.0,tj
energy_export_heavy_fuel_oil_backup,393140.02999999933,tj
energy_export_heavy_fuel_oil_baseload,0.0,tj
energy_export_hydrogen_backup,0.0,tj
energy_export_hydrogen_baseload,0.0,tj
energy_export_kerosene_backup,361140.5860000012,tj
energy_export_kerosene_baseload,0.0,tj
energy_export_lignite_backup,0.0,tj
energy_export_lignite_baseload,0.0,tj
energy_export_liquid_hydrogen_baseload,0.0,tj
energy_export_lng_baseload,0.0,tj
energy_export_lohc_baseload,0.0,tj
energy_export_lpg_backup,0.0,tj
energy_export_lpg_baseload,0.0,tj
energy_export_methanol_backup,0.0,tj
energy_export_naphtha_backup,320243.6599999991,tj
energy_export_naphtha_baseload,0.0,tj
energy_export_natural_gas_backup,0.0,tj
energy_export_natural_gas_baseload,0.0,tj
energy_export_oil_products,154718.10200000013,tj
energy_export_uranium_oxide,0.0,tj
energy_extraction_coal,0.0,tj
energy_extraction_crude_oil,28144.413,tj
energy_extraction_lignite,0.0,tj
energy_extraction_natural_gas,354715.594,tj
energy_extraction_uranium_oxide,0.0,tj
energy_flexibility_curtailment_electricity,0.0,tj
energy_flexibility_flow_batteries_electricity,0.0,tj
energy_flexibility_hv_opac_electricity,0.0,tj
energy_flexibility_mv_batteries_electricity,0.0,tj
energy_flexibility_pumped_storage_electricity,0.0,tj
energy_flexibility_solar_batteries_electricity,0.0,tj
energy_flexibility_wind_batteries_electricity,0.0,tj
energy_greengas_gasification_dry_biomass,0.0,tj
energy_greengas_gasification_wet_biomass,0.0,tj
energy_greengas_production,11809.532371491203,tj
energy_greengas_upgrade_biogas,11868.876755267542,tj
energy_heat_backup_burner_ht_network_gas,0.0,tj
energy_heat_backup_burner_lt_network_gas,0.0,tj
energy_heat_backup_burner_mt_network_gas,0.0,tj
energy_heat_boiler_ht_electricity,0.0,tj
energy_heat_boiler_lt_electricity,0.0,tj
energy_heat_boiler_mt_electricity,0.0,tj
energy_heat_burner_ht_coal,0.0,tj
energy_heat_burner_ht_crude_oil,0.0,tj
energy_heat_burner_ht_hydrogen,0.0,tj
energy_heat_burner_ht_network_gas,0.0,tj
energy_heat_burner_ht_waste_mix,803.652032520325,tj
energy_heat_burner_ht_wood_pellets,4142.3230429989,tj
energy_heat_burner_lt_hydrogen,0.0,tj
energy_heat_burner_mt_coal,0.0,tj
energy_heat_burner_mt_crude_oil,0.0,tj
energy_heat_burner_mt_hydrogen,0.0,tj
energy_heat_burner_mt_network_gas,0.0,tj
energy_heat_burner_mt_waste_mix,0.0,tj
energy_heat_burner_mt_wood_pellets,0.0,tj
energy_heat_distribution_ht_loss,7619.570999999989,tj
energy_heat_distribution_lt_loss,0.0,tj
energy_heat_distribution_mt_loss,0.0,tj
energy_heat_dumped_ht_steam_hot_water,0.0,tj
energy_heat_dumped_lt_steam_hot_water,0.0,tj
energy_heat_dumped_mt_steam_hot_water,0.0,tj
energy_heat_flexibility_p2h_boiler_ht_electricity,0.0,tj
energy_heat_flexibility_p2h_boiler_mt_electricity,0.0,tj
energy_heat_flexibility_p2h_heatpump_ht_electricity,0.0,tj
energy_heat_flexibility_p2h_heatpump_mt_electricity,0.0,tj
energy_heat_heatpump_drink_water_water_ts_lt_electricity,0.0,tj
energy_heat_heatpump_drink_water_water_ts_mt_electricity,0.0,tj
energy_heat_heatpump_surface_water_water_ts_lt_electricity,0.0,tj
energy_heat_heatpump_surface_water_water_ts_mt_electricity,0.0,tj
energy_heat_heatpump_waste_water_water_ts_lt_electricity,0.0,tj
energy_heat_heatpump_waste_water_water_ts_mt_electricity,0.0,tj
energy_heat_heatpump_water_water_ht_electricity,0.0,tj
energy_heat_heatpump_water_water_lt_electricity,0.0,tj
energy_heat_heatpump_water_water_mt_electricity,0.0,tj
energy_heat_import_ht_steam_hot_water,0.0,tj
energy_heat_import_lt_steam_hot_water,0.0,tj
energy_heat_import_mt_steam_hot_water,0.0,tj
energy_heat_network_storage_ht_steam_hot_water,0.0,tj
energy_heat_network_storage_lt_steam_hot_water,0.0,tj
energy_heat_network_storage_mt_steam_hot_water,0.0,tj
energy_heat_production_ht_residual_heat,0.0,tj
energy_heat_production_lt_residual_heat,0.0,tj
energy_heat_production_mt_residual_heat,0.0,tj
energy_heat_solar_ht_solar_thermal,0.0,tj
energy_heat_solar_lt_solar_thermal,0.0,tj
energy_heat_solar_mt_solar_thermal,0.0,tj
energy_heat_unused_ht_steam_hot_water,307.2762859794998,tj
energy_heat_unused_lt_steam_hot_water,0.0,tj
energy_heat_unused_mt_steam_hot_water,0.0,tj
energy_heat_well_deep_ht_geothermal,0.0,tj
energy_heat_well_deep_mt_geothermal,0.0,tj
energy_heat_well_shallow_heatpump_mt_geothermal,0.0,tj
energy_heat_well_shallow_lt_geothermal,0.0,tj
energy_hydrogen_after_distribution,0.0,tj
energy_hydrogen_after_transport,0.0,tj
energy_hydrogen_ammonia_reformer_dispatchable,0.0,tj
energy_hydrogen_ammonia_reformer_must_run,0.0,tj
energy_hydrogen_autothermal_reformer_ccs_must_run,0.0,tj
energy_hydrogen_autothermal_reformer_dispatchable,0.0,tj
energy_hydrogen_autothermal_reformer_must_run,0.0,tj
energy_hydrogen_biomass_gasification,0.0,tj
energy_hydrogen_biomass_gasification_ccs,0.0,tj
energy_hydrogen_curtailed_electricity,0.0,tj
energy_hydrogen_distribution_compressed_trucks,0.0,tj
energy_hydrogen_electrolysis_solar_electricity,0.0,tj
energy_hydrogen_electrolysis_wind_electricity,0.0,tj
energy_hydrogen_flexibility_p2g_electricity,0.0,tj
energy_hydrogen_flexibility_p2g_potential_residual_heat,0.0,tj
energy_hydrogen_hybrid_electrolysis_wind_electricity,0.0,tj
energy_hydrogen_liquid_hydrogen_regasifier,0.0,tj
energy_hydrogen_lohc_reformer,0.0,tj
energy_hydrogen_solar_pv_solar_radiation,0.0,tj
energy_hydrogen_steam_methane_reformer_ccs_must_run,0.0,tj
energy_hydrogen_steam_methane_reformer_dispatchable,0.0,tj
energy_hydrogen_steam_methane_reformer_must_run,0.0,tj
energy_hydrogen_storage_depleted_gas_field,0.0,tj
energy_hydrogen_storage_salt_cavern,0.0,tj
energy_hydrogen_storage_unused,0.0,tj
energy_hydrogen_transport_loss,0.0,tj
energy_hydrogen_transport_pipelines,0.0,tj
energy_hydrogen_transport_pipelines_offshore,0.0,tj
energy_hydrogen_wind_turbine_offshore,0.0,tj
energy_import_ammonia,0.0,tj
energy_import_biogenic_waste,13740.939704578965,tj
energy_import_coal,169355.5822948124,tj
energy_import_cokes,0.0,tj
energy_import_crude_oil,2986850.9699747064,tj
energy_import_diesel,0.0,tj
energy_import_dry_biomass,24917.985127643355,tj
energy_import_electricity,0.0,tj
energy_import_gasoline,0.0,tj
energy_import_heat,0.0,tj
energy_import_heavy_fuel_oil,0.0,tj
energy_import_hydrogen,0.0,tj
energy_import_kerosene,0.0,tj
energy_import_lignite,0.0,tj
energy_import_liquid_hydrogen,0.0,tj
energy_import_lng,347367.6601802593,tj
energy_import_lohc,0.0,tj
energy_import_lpg,24601.11299999987,tj
energy_import_methanol,0.0,tj
energy_import_naphtha,0.0,tj
energy_import_natural_gas,243878.4797717389,tj
energy_import_non_biogenic_waste,1242.3443924135627,tj
energy_import_oily_biomass,4988.897844419788,tj
energy_import_propane,0.0,tj
energy_import_uranium_oxide,38954.8058691284,tj
energy_import_wet_biomass,0.0,tj
energy_imported_ammonia_backup,0.0,tj
energy_imported_ammonia_baseload,0.0,tj
energy_imported_hydrogen_backup,0.0,tj
energy_imported_hydrogen_baseload,0.0,tj
energy_imported_liquid_hydrogen,0.0,tj
energy_imported_lohc,0.0,tj
energy_interconnector_10_exported_electricity,0.0,tj
energy_interconnector_10_imported_electricity,0.0,tj
energy_interconnector_11_exported_electricity,0.0,tj
energy_interconnector_11_imported_electricity,0.0,tj
energy_interconnector_12_exported_electricity,0.0,tj
energy_interconnector_12_imported_electricity,0.0,tj
energy_interconnector_1_exported_electricity,20461.886987918762,tj
energy_interconnector_1_imported_electricity,0.0,tj
energy_interconnector_2_exported_electricity,0.0,tj
energy_interconnector_2_imported_electricity,0.0,tj
energy_interconnector_3_exported_electricity,0.0,tj
energy_interconnector_3_imported_electricity,0.0,tj
energy_interconnector_4_exported_electricity,0.0,tj
energy_interconnector_4_imported_electricity,0.0,tj
energy_interconnector_5_exported_electricity,0.0,tj
energy_interconnector_5_imported_electricity,0.0,tj
energy_interconnector_6_exported_electricity,0.0,tj
energy_interconnector_6_imported_electricity,0.0,tj
energy_interconnector_7_exported_electricity,0.0,tj
energy_interconnector_7_imported_electricity,0.0,tj
energy_interconnector_8_exported_electricity,0.0,tj
energy_interconnector_8_imported_electricity,0.0,tj
energy_interconnector_9_exported_electricity,0.0,tj
energy_interconnector_9_imported_electricity,0.0,tj
energy_methanol_production_coal_gas,0.0,tj
energy_mixer_for_gas_power_fuel,148400.0879114208,tj
energy_national_gas_network_natural_gas,947593.500221663,tj
energy_network_gas_storage,0.0,tj
energy_offshore_sequestration_co2_electricity,0.0,tj
energy_power_combined_cycle_ccs_coal,0.0,tj
energy_power_combined_cycle_ccs_network_gas,0.0,tj
energy_power_combined_cycle_coal,0.0,tj
energy_power_combined_cycle_coal_gas,15697.980999999994,tj
energy_power_combined_cycle_hydrogen,0.0,tj
energy_power_combined_cycle_network_gas,137447.266640394,tj
energy_power_engine_diesel,3.02105263263158,tj
energy_power_engine_network_gas,135.597520572758,tj
energy_power_geothermal,0.0,tj
energy_power_hv_network_electricity,273145.3230143521,tj
energy_power_hv_network_loss,18101.605999999992,tj
energy_power_hv_network_shortage,0.0,tj
energy_power_hybrid_curtailed_electricity,0.0,tj
energy_power_hybrid_from_offshore_network_electricity,0.0,tj
energy_power_hybrid_to_offshore_network_electricity,0.0,tj
energy_power_hybrid_wind_turbine_offshore,0.0,tj
energy_power_hydro_mountain,0.0,tj
energy_power_hydro_river,254.8244898,tj
energy_power_lv_network_electricity,154679.8530000001,tj
energy_power_mv_distribution_network_electricity,232297.54164715082,tj
energy_power_mv_transport_network_electricity,220913.81102643337,tj
energy_power_nuclear_gen2_uranium_oxide,38954.8058691284,tj
energy_power_nuclear_gen3_uranium_oxide,0.0,tj
energy_power_nuclear_small_modular_reactor_uranium_oxide,0.0,tj
energy_power_sector_own_use_electricity,13668.019,tj
energy_power_solar_csp_solar_radiation,0.0,tj
energy_power_solar_pv_offshore,0.0,tj
energy_power_solar_pv_solar_radiation,85086.27648,tj
energy_power_supercritical_ccs_waste_mix,0.0,tj
energy_power_supercritical_coal,3.70451025000727,tj
energy_power_supercritical_waste_mix,0.0,tj
energy_power_transformer_lv_mv_electricity,154679.8530000001,tj
energy_power_transformer_mv_hv_electricity,220913.81102643337,tj
energy_power_turbine_hydrogen,0.0,tj
energy_power_turbine_network_gas,0.0,tj
energy_power_ultra_supercritical_ccs_coal,0.0,tj
energy_power_ultra_supercritical_coal,29325.5812485,tj
energy_power_ultra_supercritical_cofiring_coal,23918.8195796545,tj
energy_power_ultra_supercritical_crude_oil,246.76888888,tj
energy_power_ultra_supercritical_lignite,0.0,tj
energy_power_ultra_supercritical_network_gas,2808.51766639364,tj
energy_power_ultra_supercritical_oxyfuel_ccs_lignite,0.0,tj
energy_power_wind_turbine_coastal,0.0,tj
energy_power_wind_turbine_inland,66111.7568929822,tj
energy_power_wind_turbine_offshore,43465.8637437188,tj
energy_power_wood_pellets_ccs_dispatchable,0.0,tj
energy_power_wood_pellets_ccs_must_run,0.0,tj
energy_power_wood_pellets_dispatchable,0.0,tj
energy_power_wood_pellets_must_run,0.0,tj
energy_production_aggregator_ht_steam_hot_water,29944.007891674377,tj
energy_production_aggregator_lt_steam_hot_water,0.0,tj
energy_production_aggregator_mt_steam_hot_water,0.0,tj
energy_production_bio_ethanol,28369.823684210525,tj
energy_production_bio_kerosene,0.0,tj
energy_production_bio_lng,0.0,tj
energy_production_bio_oil,251.66332665330654,tj
energy_production_biodiesel,15237.234517766481,tj
energy_production_biogenic_waste,21381.66,tj
energy_production_drink_water_ambient_heat,0.0,tj
energy_production_dry_biomass,62160.23,tj
energy_production_excess_electricity,0.0,tj
energy_production_non_biogenic_waste,31571.8984819975,tj
energy_production_oily_biomass,10500.0,tj
energy_production_solar_thermal,1176.0,tj
energy_production_surface_water_ambient_heat,0.0,tj
energy_production_synthetic_kerosene_dispatchable,0.0,tj
energy_production_synthetic_kerosene_electricity_dispatchable,0.0,tj
energy_production_synthetic_kerosene_electricity_must_run,0.0,tj
energy_production_synthetic_kerosene_hydrogen_non_energetic_dispatchable,0.0,tj
energy_production_synthetic_kerosene_hydrogen_non_energetic_must_run,0.0,tj
energy_production_synthetic_kerosene_must_run,0.0,tj
energy_production_synthetic_methanol,0.0,tj
energy_production_synthetic_methanol_electricity,0.0,tj
energy_production_synthetic_methanol_hydrogen_non_energetic,0.0,tj
energy_production_waste_water_ambient_heat,0.0,tj
energy_production_wet_biomass,62883.31110435949,tj
energy_production_wood_pellets,87078.21512764336,tj
energy_regasification_lng,347360.40609137045,tj
energy_residual_heat,0.0,tj
energy_synthetic_products_electricity,0.0,tj
energy_synthetic_products_hydrogen_non_energetic,0.0,tj
energy_torrefaction_wood,0.0,tj
energy_transmission_ht_steam_hot_water,21352.983889006213,tj
energy_transmission_lt_steam_hot_water,0.0,tj
energy_transmission_mt_steam_hot_water,0.0,tj
energy_treatment_natural_gas,354715.594,tj
energy_treatment_natural_gas_loss,4960.105921566888,tj
environment_air_ambient_cold,53580.93556789357,tj
environment_air_ambient_heat,32330.22882057381,tj
environment_air_wind,109577.620636701,tj
environment_earth_ambient_cold,59.71519726516215,tj
environment_earth_ambient_heat,8035.187311016777,tj
environment_earth_geothermal,6797.51000000001,tj
environment_sun_solar_radiation,414596.923538823,tj
environment_sun_solar_thermal,1176.0,tj
environment_water_ambient_cold,2923.3556907348657,tj
environment_water_ambient_heat,0.0,tj
environment_water_water,254.8244898,tj
households_appliances_clothes_dryer_electricity,4710.9380379024005,tj
households_appliances_computer_media_electricity,5245.3223030856625,tj
households_appliances_dishwasher_electricity,5204.612953254449,tj
households_appliances_fridge_freezer_electricity,11552.945541679735,tj
households_appliances_other_electricity,4637.511839470166,tj
households_appliances_television_electricity,9284.39782650341,tj
households_appliances_vacuum_cleaner_electricity,2650.006737838981,tj
households_appliances_washing_machine_electricity,4966.214640982687,tj
households_cooker_halogen_electricity,1124.8077241228202,tj
households_cooker_induction_electricity,1687.211583758414,tj
households_cooker_network_gas,4842.856415098162,tj
households_cooker_resistive_electricity,0.0,tj
households_cooker_wood_pellets,0.0,tj
households_cooling_airconditioning_electricity,2750.518176924486,tj
households_cooling_heatpump_air_water_electricity,2916.695316780336,tj
households_cooling_heatpump_ground_water_electricity,63.0327082211862,tj
households_cooling_heatpump_surface_water_water_ts_electricity,0.0,tj
households_final_demand_bio_kerosene,0.0,tj
households_final_demand_biodiesel,0.0,tj
households_final_demand_coal,2.491,tj
households_final_demand_crude_oil,960.1969999999974,tj
households_final_demand_diesel,3.37759820112636e-14,tj
households_final_demand_electricity,76764.74,tj
households_final_demand_for_appliances_electricity,48251.94988071749,tj
households_final_demand_for_cooking_electricity,2812.019307881234,tj
households_final_demand_for_cooking_network_gas,4842.856415098162,tj
households_final_demand_for_cooking_wood_pellets,0.0,tj
households_final_demand_for_cooling_electricity,1339.1015700303712,tj
households_final_demand_for_cooling_network_gas,0.0,tj
households_final_demand_for_hot_water_coal,2.491,tj
households_final_demand_for_hot_water_crude_oil,960.1969999999974,tj
households_final_demand_for_hot_water_electricity,6057.639226207278,tj
households_final_demand_for_hot_water_ht_steam_hot_water,4270.487498385753,tj
households_final_demand_for_hot_water_hydrogen,0.0,tj
households_final_demand_for_hot_water_lt_steam_hot_water,0.0,tj
households_final_demand_for_hot_water_mt_steam_hot_water,0.0,tj
households_final_demand_for_hot_water_network_gas,53401.730855903596,tj
households_final_demand_for_hot_water_solar_thermal,941.0,tj
households_final_demand_for_hot_water_solar_thermal_pvt,0.0,tj
households_final_demand_for_hot_water_wood_pellets,0.0,tj
households_final_demand_for_lighting_electricity,7454.675432545997,tj
households_final_demand_for_space_heating_coal,0.0,tj
households_final_demand_for_space_heating_crude_oil,0.0,tj
households_final_demand_for_space_heating_electricity,10849.35458261763,tj
households_final_demand_for_space_heating_ht_steam_hot_water,5635.769501614246,tj
households_final_demand_for_space_heating_hydrogen,0.0,tj
households_final_demand_for_space_heating_lt_steam_hot_water,0.0,tj
households_final_demand_for_space_heating_mt_steam_hot_water,0.0,tj
households_final_demand_for_space_heating_network_gas,142938.39772899827,tj
households_final_demand_for_space_heating_solar_thermal_pvt,0.0,tj
households_final_demand_for_space_heating_wood_pellets,15909.627999999986,tj
households_final_demand_ht_steam_hot_water,9906.257,tj
households_final_demand_hydrogen,0.0,tj
households_final_demand_kerosene,2.3983148800255033e-14,tj
households_final_demand_lpg,1.0789613646977568e-13,tj
households_final_demand_lt_steam_hot_water,0.0,tj
households_final_demand_mt_steam_hot_water,0.0,tj
households_final_demand_network_gas,201182.98500000004,tj
households_final_demand_other_bio_oil,0.0,tj
households_final_demand_other_oil,960.1969999999972,tj
households_final_demand_solar_thermal,941.0,tj
households_final_demand_solar_thermal_pvt,0.0,tj
households_final_demand_wood_pellets,15909.627999999986,tj
households_flexibility_p2p_electricity,0.0,tj
households_lighting_efficient_fluorescent_electricity,2016.7237885148622,tj
households_lighting_incandescent_electricity,3961.4217274399025,tj
households_lighting_led_electricity,1476.529916591232,tj
households_locally_available_electricity,76764.74,tj
households_solar_pv_solar_radiation,179260.430059206,tj
households_solar_pvt_solar_radiation,0.0,tj
households_space_heater_coal,0.0,tj
households_space_heater_coal_aggregator,0.0,tj
households_space_heater_combined_hydrogen,0.0,tj
households_space_heater_combined_hydrogen_aggregator,0.0,tj
households_space_heater_combined_network_gas,142708.04222663125,tj
households_space_heater_combined_network_gas_aggregator,152697.60518249546,tj
households_space_heater_crude_oil,0.0,tj
households_space_heater_crude_oil_aggregator,0.0,tj
households_space_heater_deficit,0.0,tj
households_space_heater_district_heating_ht_steam_hot_water,5635.769501614246,tj
households_space_heater_district_heating_ht_steam_hot_water_aggregator,5635.769501614246,tj
households_space_heater_district_heating_lt_steam_hot_water,0.0,tj
households_space_heater_district_heating_lt_steam_hot_water_aggregator,0.0,tj
households_space_heater_district_heating_mt_steam_hot_water,0.0,tj
households_space_heater_district_heating_mt_steam_hot_water_aggregator,0.0,tj
households_space_heater_electricity,4255.76729866786,tj
households_space_heater_electricity_aggregator,4255.76729866786,tj
households_space_heater_heatpump_air_water_electricity,24443.212268263767,tj
households_space_heater_heatpump_air_water_electricity_aggregator,24443.212268263767,tj
households_space_heater_heatpump_ground_water_electricity,4468.555663601239,tj
households_space_heater_heatpump_ground_water_electricity_aggregator,4468.555663601239,tj
households_space_heater_heatpump_pvt_electricity,0.0,tj
households_space_heater_heatpump_pvt_electricity_aggregator,0.0,tj
households_space_heater_heatpump_surface_water_water_ts_electricity,0.0,tj
households_space_heater_heatpump_surface_water_water_ts_electricity_aggregator,0.0,tj
households_space_heater_hybrid_crude_oil_heatpump_air_water_electricity,0.0,tj
households_space_heater_hybrid_crude_oil_heatpump_air_water_electricity_aggregator,0.0,tj
households_space_heater_hybrid_heatpump_air_water_electricity,1499.8283161141856,tj
households_space_heater_hybrid_heatpump_air_water_electricity_aggregator,1515.953201279875,tj
households_space_heater_hybrid_hydrogen_heatpump_air_water_electricity,0.0,tj
households_space_heater_hybrid_hydrogen_heatpump_air_water_electricity_aggregator,0.0,tj
households_space_heater_network_gas,0.0,tj
households_space_heater_network_gas_aggregator,0.0,tj
households_space_heater_wood_pellets,15909.627999999986,tj
households_space_heater_wood_pellets_aggregator,13045.894959999989,tj
households_useful_demand_cooking_useable_heat,4046.1570467076085,tj
households_useful_demand_for_cooling,5730.246201926008,tj
households_useful_demand_for_hot_water_after_solar_heater,66410.73277589765,tj
households_useful_demand_for_space_heating_apartments_1945_1964,9778.089996218672,tj
households_useful_demand_for_space_heating_apartments_1965_1984,19658.181057684924,tj
households_useful_demand_for_space_heating_apartments_1985_2004,15873.83850562061,tj
households_useful_demand_for_space_heating_apartments_2005_present,12622.374245940628,tj
households_useful_demand_for_space_heating_apartments_before_1945,12879.746630777458,tj
households_useful_demand_for_space_heating_apartments_future,0.0,tj
households_useful_demand_for_space_heating_detached_houses_1945_1964,3827.4096685021827,tj
households_useful_demand_for_space_heating_detached_houses_1965_1984,6136.961061017122,tj
households_useful_demand_for_space_heating_detached_houses_1985_2004,6738.870377356892,tj
households_useful_demand_for_space_heating_detached_houses_2005_present,3136.0691151574633,tj
households_useful_demand_for_space_heating_detached_houses_before_1945,7630.91605706756,tj
households_useful_demand_for_space_heating_detached_houses_future,0.0,tj
households_useful_demand_for_space_heating_semi_detached_houses_1945_1964,7903.124960485853,tj
households_useful_demand_for_space_heating_semi_detached_houses_1965_1984,14997.45359552371,tj
households_useful_demand_for_space_heating_semi_detached_houses_1985_2004,10015.68035628021,tj
households_useful_demand_for_space_heating_semi_detached_houses_2005_present,4698.024821372956,tj
households_useful_demand_for_space_heating_semi_detached_houses_before_1945,7976.895427877034,tj
households_useful_demand_for_space_heating_semi_detached_houses_future,0.0,tj
households_useful_demand_for_space_heating_terraced_houses_1945_1964,8126.4969902401535,tj
households_useful_demand_for_space_heating_terraced_houses_1965_1984,23123.53846024771,tj
households_useful_demand_for_space_heating_terraced_houses_1985_2004,15684.878956464989,tj
households_useful_demand_for_space_heating_terraced_houses_2005_present,6489.946565601178,tj
households_useful_demand_for_space_heating_terraced_houses_before_1945,8764.261226485132,tj
households_useful_demand_for_space_heating_terraced_houses_future,0.0,tj
households_useful_demand_hot_water,67351.73277589765,tj
households_useful_demand_light,1440.5169917963267,tj
households_water_heater_coal,2.491,tj
households_water_heater_coal_aggregator,1.07113,tj
households_water_heater_combined_hydrogen,0.0,tj
households_water_heater_combined_hydrogen_aggregator,0.0,tj
households_water_heater_combined_network_gas,53245.12370620828,tj
households_water_heater_combined_network_gas_aggregator,47920.611335587455,tj
households_water_heater_crude_oil,960.1969999999974,tj
households_water_heater_crude_oil_aggregator,816.1674499999978,tj
households_water_heater_deficit,0.0,tj
households_water_heater_district_heating_ht_steam_hot_water,4270.487498385753,tj
households_water_heater_district_heating_ht_steam_hot_water_aggregator,4270.487498385753,tj
households_water_heater_district_heating_lt_steam_hot_water,0.0,tj
households_water_heater_district_heating_lt_steam_hot_water_aggregator,0.0,tj
households_water_heater_district_heating_mt_steam_hot_water,0.0,tj
households_water_heater_district_heating_mt_steam_hot_water_aggregator,0.0,tj
households_water_heater_heatpump_air_water_electricity,9063.826421321566,tj
households_water_heater_heatpump_air_water_electricity_aggregator,9063.826421321566,tj
households_water_heater_heatpump_ground_water_electricity,1436.8759261616635,tj
households_water_heater_heatpump_ground_water_electricity_aggregator,1436.8759261616635,tj
households_water_heater_heatpump_pvt_electricity,0.0,tj
households_water_heater_heatpump_pvt_electricity_aggregator,0.0,tj
households_water_heater_heatpump_surface_water_water_ts_electricity,0.0,tj
households_water_heater_heatpump_surface_water_water_ts_electricity_aggregator,0.0,tj
households_water_heater_hybrid_crude_oil_heatpump_air_water_electricity,0.0,tj
households_water_heater_hybrid_crude_oil_heatpump_air_water_electricity_aggregator,0.0,tj
households_water_heater_hybrid_heatpump_air_water_electricity,590.983182291845,tj
households_water_heater_hybrid_heatpump_air_water_electricity_aggregator,575.322467322316,tj
households_water_heater_hybrid_hydrogen_heatpump_air_water_electricity,0.0,tj
households_water_heater_hybrid_hydrogen_heatpump_air_water_electricity_aggregator,0.0,tj
households_water_heater_network_gas,2.2428726959479507e-11,tj
households_water_heater_network_gas_aggregator,1.502724706285127e-11,tj
households_water_heater_resistive_electricity,2448.8111022303992,tj
households_water_heater_resistive_electricity_aggregator,2326.3705471188787,tj
households_water_heater_solar_thermal,941.0,tj
households_water_heater_wood_pellets,0.0,tj
households_water_heater_wood_pellets_aggregator,0.0,tj
industry_aluminium_burner_network_gas,459.5333333333322,tj
industry_aluminium_carbothermalreduction_electricity,0.0,tj
industry_aluminium_electrolysis_bat_electricity,0.0,tj
industry_aluminium_electrolysis_current_electricity,0.0,tj
industry_aluminium_external_coupling_node,0.0,tj
industry_aluminium_production,113.00000000000007,tj
industry_aluminium_smeltoven_electricity,906.259999999998,tj
industry_chemical_other_captured_co2_electricity,0.0,tj
industry_chemicals_fertilizers_burner_coal,0.0,tj
industry_chemicals_fertilizers_burner_crude_oil,0.0,tj
industry_chemicals_fertilizers_burner_hydrogen,0.0,tj
industry_chemicals_fertilizers_burner_network_gas,15600.000000000038,tj
industry_chemicals_fertilizers_burner_wood_pellets,0.0,tj
industry_chemicals_fertilizers_captured_combustion_co2_electricity,0.0,tj
industry_chemicals_fertilizers_captured_processes_co2_electricity,737.5991999999999,tj
industry_chemicals_fertilizers_external_coupling_node_non_energetic,0.0,tj
industry_chemicals_fertilizers_external_coupling_node_useable_heat,0.0,tj
industry_chemicals_fertilizers_flexibility_p2h_hydrogen_electricity,0.0,tj
industry_chemicals_fertilizers_flexibility_p2h_network_gas_electricity,0.0,tj
industry_chemicals_fertilizers_haber_bosch_process_hydrogen,52390.80000000017,tj
industry_chemicals_fertilizers_hydrogen_hybrid_heat,0.0,tj
industry_chemicals_fertilizers_locally_available_ammonia,45579.996000000145,tj
industry_chemicals_fertilizers_locally_available_hydrogen,52390.80000000017,tj
industry_chemicals_fertilizers_network_gas_hybrid_heat,14040.000000000035,tj
industry_chemicals_fertilizers_potential_residual_heat,3775.7437200000118,tj
industry_chemicals_fertilizers_production,53939.19600000017,tj
industry_chemicals_fertilizers_steam_methane_reformer_hydrogen,68040.00000000022,tj
industry_chemicals_fertilizers_used_heat,50163.452280000005,tj
industry_chemicals_other_burner_coal,0.0,tj
industry_chemicals_other_burner_crude_oil,104364.67922222204,tj
industry_chemicals_other_burner_hydrogen,0.0,tj
industry_chemicals_other_burner_naphtha,0.0,tj
industry_chemicals_other_burner_network_gas,41391.216211705934,tj
industry_chemicals_other_burner_wood_pellets,0.0,tj
industry_chemicals_other_flexibility_p2h_hydrogen_electricity,0.0,tj
industry_chemicals_other_flexibility_p2h_network_gas_electricity,0.0,tj
industry_chemicals_other_heater_electricity,0.0,tj
industry_chemicals_other_heatpump_water_water_electricity,0.0,tj
industry_chemicals_other_hydrogen_hybrid_heat,0.0,tj
industry_chemicals_other_network_gas_hybrid_heat,37252.09459053534,tj
industry_chemicals_other_potential_residual_heat,47549.64473613617,tj
industry_chemicals_other_steam_recompression_electricity,0.0,tj
industry_chemicals_other_used_heat,125358.15430435898,tj
industry_chemicals_refineries_burner_coal,0.0,tj
industry_chemicals_refineries_burner_crude_oil,104028.63699999986,tj
industry_chemicals_refineries_burner_hydrogen,0.0,tj
industry_chemicals_refineries_burner_network_gas,17101.122999999967,tj
industry_chemicals_refineries_burner_wood_pellets,0.0,tj
industry_chemicals_refineries_captured_co2_electricity,0.0,tj
industry_chemicals_refineries_flexibility_p2h_hydrogen_electricity,0.0,tj
industry_chemicals_refineries_flexibility_p2h_network_gas_electricity,0.0,tj
industry_chemicals_refineries_hydrogen_hybrid_heat,0.0,tj
industry_chemicals_refineries_network_gas_hybrid_heat,15391.01069999997,tj
industry_chemicals_refineries_potential_residual_heat,52023.26703380583,tj
industry_chemicals_refineries_used_heat,58407.891376194,tj
industry_chp_combined_cycle_gas_power_fuelmix,112254.962633916,tj
industry_chp_engine_gas_power_fuelmix,18229.310124951,tj
industry_chp_turbine_gas_power_fuelmix,17915.8151525538,tj
industry_chp_turbine_hydrogen,0.0,tj
industry_chp_ultra_supercritical_coal,0.742315911318769,tj
industry_chp_wood_pellets,0.0,tj
industry_final_demand_ammonia_non_energetic,0.0,tj
industry_final_demand_bio_kerosene,0.0,tj
industry_final_demand_bio_kerosene_non_energetic,0.0,tj
industry_final_demand_biodiesel,11.422000000000097,tj
industry_final_demand_biodiesel_non_energetic,0.0,tj
industry_final_demand_coal,341.85199999999986,tj
industry_final_demand_coal_gas,23977.744,tj
industry_final_demand_coal_non_energetic,1011.129,tj
industry_final_demand_cokes,3652.360999999997,tj
industry_final_demand_cokes_non_energetic,251.399,tj
industry_final_demand_crude_oil,208780.08799999996,tj
industry_final_demand_crude_oil_non_energetic,211724.48500000004,tj
industry_final_demand_diesel,4.572999999995543,tj
industry_final_demand_diesel_non_energetic,24.72,tj
industry_final_demand_electricity,132432.05,tj
industry_final_demand_for_chemical_ammonia_non_energetic,0.0,tj
industry_final_demand_for_chemical_coal,0.0,tj
industry_final_demand_for_chemical_coal_non_energetic,0.0,tj
industry_final_demand_for_chemical_crude_oil,208393.3162222219,tj
industry_final_demand_for_chemical_crude_oil_non_energetic,201188.01669000005,tj
industry_final_demand_for_chemical_dsr_electricity,52764.779000000024,tj
industry_final_demand_for_chemical_dsr_load_shifting_electricity,0.0,tj
industry_final_demand_for_chemical_electricity,52764.779000000024,tj
industry_final_demand_for_chemical_fertilizers_ammonia_non_energetic,0.0,tj
industry_final_demand_for_chemical_fertilizers_coal,0.0,tj
industry_final_demand_for_chemical_fertilizers_coal_non_energetic,0.0,tj
industry_final_demand_for_chemical_fertilizers_crude_oil,0.0,tj
industry_final_demand_for_chemical_fertilizers_crude_oil_non_energetic,0.0,tj
industry_final_demand_for_chemical_fertilizers_electricity,2599.9999999999995,tj
industry_final_demand_for_chemical_fertilizers_hydrogen,0.0,tj
industry_final_demand_for_chemical_fertilizers_hydrogen_non_energetic,0.0,tj
industry_final_demand_for_chemical_fertilizers_network_gas,15600.000000000038,tj
industry_final_demand_for_chemical_fertilizers_network_gas_non_energetic,50300.000000000175,tj
industry_final_demand_for_chemical_fertilizers_steam_hot_water,3700.0000000000105,tj
industry_final_demand_for_chemical_fertilizers_wood_pellets,0.0,tj
industry_final_demand_for_chemical_fertilizers_wood_pellets_non_energetic,0.0,tj
industry_final_demand_for_chemical_hydrogen,0.0,tj
industry_final_demand_for_chemical_hydrogen_non_energetic,0.0,tj
industry_final_demand_for_chemical_naphtha,0.0,tj
industry_final_demand_for_chemical_naphtha_non_energetic,163893.617,tj
industry_final_demand_for_chemical_network_gas,74092.33921170593,tj
industry_final_demand_for_chemical_network_gas_non_energetic,66978.79300000017,tj
industry_final_demand_for_chemical_other_coal,0.0,tj
industry_final_demand_for_chemical_other_coal_non_energetic,0.0,tj
industry_final_demand_for_chemical_other_crude_oil,104364.67922222204,tj
industry_final_demand_for_chemical_other_crude_oil_non_energetic,201188.01669000005,tj
industry_final_demand_for_chemical_other_electricity,40591.173000000046,tj
industry_final_demand_for_chemical_other_hydrogen,0.0,tj
industry_final_demand_for_chemical_other_hydrogen_non_energetic,0.0,tj
industry_final_demand_for_chemical_other_naphtha,0.0,tj
industry_final_demand_for_chemical_other_naphtha_non_energetic,163893.617,tj
industry_final_demand_for_chemical_other_network_gas,41391.216211705934,tj
industry_final_demand_for_chemical_other_network_gas_non_energetic,16678.792999999987,tj
industry_final_demand_for_chemical_other_steam_hot_water,49033.020695515515,tj
industry_final_demand_for_chemical_other_wood_pellets,0.0,tj
industry_final_demand_for_chemical_other_wood_pellets_non_energetic,0.0,tj
industry_final_demand_for_chemical_refineries_coal,0.0,tj
industry_final_demand_for_chemical_refineries_coal_non_energetic,0.0,tj
industry_final_demand_for_chemical_refineries_crude_oil,104028.63699999986,tj
industry_final_demand_for_chemical_refineries_electricity,9573.605999999982,tj
industry_final_demand_for_chemical_refineries_hydrogen,0.0,tj
industry_final_demand_for_chemical_refineries_network_gas,17101.122999999967,tj
industry_final_demand_for_chemical_refineries_network_gas_non_energetic,0.0,tj
industry_final_demand_for_chemical_refineries_steam_hot_water,8696.378999999984,tj
industry_final_demand_for_chemical_refineries_wood_pellets,0.0,tj
industry_final_demand_for_chemical_refineries_wood_pellets_non_energetic,0.0,tj
industry_final_demand_for_chemical_steam_hot_water,61429.39969551551,tj
industry_final_demand_for_chemical_wood_pellets,0.0,tj
industry_final_demand_for_chemical_wood_pellets_non_energetic,0.0,tj
industry_final_demand_for_metal_aluminium_electricity,492.6799999999989,tj
industry_final_demand_for_metal_aluminium_hydrogen,0.0,tj
industry_final_demand_for_metal_aluminium_network_gas,459.5333333333322,tj
industry_final_demand_for_metal_coal,34.385999999999974,tj
industry_final_demand_for_metal_coal_gas,23977.744,tj
industry_final_demand_for_metal_cokes,2930.7119999999986,tj
industry_final_demand_for_metal_crude_oil,66.43400000000014,tj
industry_final_demand_for_metal_dsr_electricity,11346.393999999998,tj
industry_final_demand_for_metal_dsr_load_shifting_electricity,0.0,tj
industry_final_demand_for_metal_electricity,11346.393999999998,tj
industry_final_demand_for_metal_hydrogen,0.0,tj
industry_final_demand_for_metal_network_gas,9486.469645736219,tj
industry_final_demand_for_metal_other_metals_coal,0.0,tj
industry_final_demand_for_metal_other_metals_crude_oil,0.0,tj
industry_final_demand_for_metal_other_metals_electricity,3293.6920000000027,tj
industry_final_demand_for_metal_other_metals_hydrogen,0.0,tj
industry_final_demand_for_metal_other_metals_network_gas,1361.4786666666741,tj
industry_final_demand_for_metal_other_metals_steam_hot_water,0.0009999999998331467,tj
industry_final_demand_for_metal_steam_hot_water,1277.9741118754,tj
industry_final_demand_for_metal_steel_coal,34.385999999999974,tj
industry_final_demand_for_metal_steel_coal_gas,23977.744,tj
industry_final_demand_for_metal_steel_cokes,2930.7119999999986,tj
industry_final_demand_for_metal_steel_crude_oil,66.43400000000014,tj
industry_final_demand_for_metal_steel_electricity,7560.021999999996,tj
industry_final_demand_for_metal_steel_hydrogen,0.0,tj
industry_final_demand_for_metal_steel_network_gas,7665.457645736214,tj
industry_final_demand_for_metal_steel_steam_hot_water,1277.9731118754003,tj
industry_final_demand_for_metal_steel_wood_pellets,0.0,tj
industry_final_demand_for_metal_wood_pellets,0.0,tj
industry_final_demand_for_other_ammonia_non_energetic,0.0,tj
industry_final_demand_for_other_coal,307.4659999999999,tj
industry_final_demand_for_other_coal_non_energetic,1011.129,tj
industry_final_demand_for_other_cokes,721.6489999999983,tj
industry_final_demand_for_other_cokes_non_energetic,251.399,tj
industry_final_demand_for_other_crude_oil,320.33777777804573,tj
industry_final_demand_for_other_crude_oil_non_energetic,10536.468309999962,tj
industry_final_demand_for_other_dsr_electricity,68320.87699999996,tj
industry_final_demand_for_other_dsr_load_shifting_electricity,0.0,tj
industry_final_demand_for_other_electricity,68320.87699999996,tj
industry_final_demand_for_other_food_coal,294.5250000000001,tj
industry_final_demand_for_other_food_crude_oil,0.16700000000000254,tj
industry_final_demand_for_other_food_electricity,24213.145999999986,tj
industry_final_demand_for_other_food_hydrogen,0.0,tj
industry_final_demand_for_other_food_network_gas,49507.33008995313,tj
industry_final_demand_for_other_food_steam_hot_water,3616.782307526312,tj
industry_final_demand_for_other_food_wood_pellets,0.0,tj
industry_final_demand_for_other_hydrogen,0.0,tj
industry_final_demand_for_other_hydrogen_non_energetic,0.0,tj
industry_final_demand_for_other_ict_dsr_electricity,20036.86199999994,tj
industry_final_demand_for_other_ict_dsr_load_shifting_electricity,0.0,tj
industry_final_demand_for_other_ict_electricity,20036.86199999994,tj
industry_final_demand_for_other_methanol_non_energetic,0.0,tj
industry_final_demand_for_other_network_gas,110589.08847128188,tj
industry_final_demand_for_other_network_gas_non_energetic,0.0,tj
industry_final_demand_for_other_non_specified_ammonia_non_energetic,0.0,tj
industry_final_demand_for_other_non_specified_coal,12.940999999999772,tj
industry_final_demand_for_other_non_specified_coal_non_energetic,1011.129,tj
industry_final_demand_for_other_non_specified_cokes,721.6489999999983,tj
industry_final_demand_for_other_non_specified_cokes_non_energetic,251.399,tj
industry_final_demand_for_other_non_specified_crude_oil,320.05177777804573,tj
industry_final_demand_for_other_non_specified_crude_oil_non_energetic,10536.468309999962,tj
industry_final_demand_for_other_non_specified_electricity,38252.42499999999,tj
industry_final_demand_for_other_non_specified_hydrogen,0.0,tj
industry_final_demand_for_other_non_specified_hydrogen_non_energetic,0.0,tj
industry_final_demand_for_other_non_specified_methanol_non_energetic,0.0,tj
industry_final_demand_for_other_non_specified_network_gas,50903.68582443439,tj
industry_final_demand_for_other_non_specified_network_gas_non_energetic,0.0,tj
industry_final_demand_for_other_non_specified_steam_hot_water,4441.502484680741,tj
industry_final_demand_for_other_non_specified_waste_mix_non_energetic,0.0,tj
industry_final_demand_for_other_non_specified_wood_pellets,3043.75155020601,tj
industry_final_demand_for_other_non_specified_wood_pellets_non_energetic,0.0,tj
industry_final_demand_for_other_paper_coal,0.0,tj
industry_final_demand_for_other_paper_crude_oil,0.11900000000000197,tj
industry_final_demand_for_other_paper_electricity,5855.305999999996,tj
industry_final_demand_for_other_paper_hydrogen,0.0,tj
industry_final_demand_for_other_paper_network_gas,10178.07255689436,tj
industry_final_demand_for_other_paper_steam_hot_water,870.4046308780497,tj
industry_final_demand_for_other_paper_wood_pellets,0.0,tj
industry_final_demand_for_other_steam_hot_water,8928.689423085101,tj
industry_final_demand_for_other_waste_mix_non_energetic,0.0,tj
industry_final_demand_for_other_wood_pellets,3043.75155020601,tj
industry_final_demand_for_other_wood_pellets_non_energetic,0.0,tj
industry_final_demand_hydrogen,0.0,tj
industry_final_demand_hydrogen_non_energetic,0.0,tj
industry_final_demand_kerosene,0.0,tj
industry_final_demand_kerosene_non_energetic,1332.7719999999997,tj
industry_final_demand_lpg,4181.307999999999,tj
industry_final_demand_lpg_non_energetic,69129.243,tj
industry_final_demand_methanol_non_energetic,0.0,tj
industry_final_demand_naphtha,0.0,tj
industry_final_demand_naphtha_non_energetic,163893.617,tj
industry_final_demand_network_gas,194167.89732872404,tj
industry_final_demand_network_gas_non_energetic,66978.79300000017,tj
industry_final_demand_other_bio_oil,251.15999999999994,tj
industry_final_demand_other_bio_oil_non_energetic,0.0,tj
industry_final_demand_other_oil,204331.62499999997,tj
industry_final_demand_other_oil_non_energetic,141237.75000000003,tj
industry_final_demand_steam_hot_water,71636.06323047601,tj
industry_final_demand_waste_mix_non_energetic,0.0,tj
industry_final_demand_wood_pellets,3043.75155020601,tj
industry_final_demand_wood_pellets_non_energetic,0.0,tj
industry_heat_backup_burner_network_gas,15163.657542273762,tj
industry_heat_burner_coal,0.0,tj
industry_heat_burner_crude_oil,4416.78510638298,tj
industry_heat_burner_hydrogen,0.0,tj
industry_heat_burner_lignite,0.0,tj
industry_heat_combined_cycle_gas_power_fuelmix,0.0,tj
industry_heat_engine_gas_power_fuelmix,0.0,tj
industry_heat_turbine_gas_power_fuelmix,0.0,tj
industry_heat_turbine_hydrogen,0.0,tj
industry_heat_ultra_supercritical_coal,0.0,tj
industry_heat_well_geothermal,0.0,tj
industry_heat_wood_pellets,0.0,tj
industry_locally_available_bio_oil_non_energetic_external_coupling_node,0.0,tj
industry_locally_available_electricity,132432.05,tj
industry_locally_available_refinery_gas_for_chemical,106955.94899999998,tj
industry_locally_available_steam_hot_water,71636.06323047601,tj
industry_locally_available_useable_heat,8359.20000000002,tj
industry_locally_available_wood_pellets_non_energetic_for_chemical,0.0,tj
industry_other_food_burner_coal,294.5250000000001,tj
industry_other_food_burner_crude_oil,0.16700000000000254,tj
industry_other_food_burner_hydrogen,0.0,tj
industry_other_food_burner_network_gas,49507.33008995313,tj
industry_other_food_burner_wood_pellets,0.0,tj
industry_other_food_captured_co2_electricity,0.0,tj
industry_other_food_flexibility_p2h_hydrogen_electricity,0.0,tj
industry_other_food_flexibility_p2h_network_gas_electricity,0.0,tj
industry_other_food_heater_electricity,0.0,tj
industry_other_food_hydrogen_hybrid_heat,0.0,tj
industry_other_food_network_gas_hybrid_heat,44556.597080957814,tj
industry_other_ict_potential_residual_heat,15412.97076923072,tj
industry_other_ict_used_electricity,4623.891230769217,tj
industry_other_metals_burner_network_gas,1361.4786666666741,tj
industry_other_metals_external_coupling_node,0.0,tj
industry_other_metals_process_electricity,3293.6920000000027,tj
industry_other_metals_process_heat_useable_heat,1225.3318000000065,tj
industry_other_metals_production,2259.511900000005,tj
industry_other_paper_burner_coal,0.0,tj
industry_other_paper_burner_crude_oil,0.11900000000000197,tj
industry_other_paper_burner_hydrogen,0.0,tj
industry_other_paper_burner_network_gas,10178.07255689436,tj
industry_other_paper_burner_wood_pellets,0.0,tj
industry_other_paper_captured_co2_electricity,0.0,tj
industry_other_paper_flexibility_p2h_hydrogen_electricity,0.0,tj
industry_other_paper_flexibility_p2h_network_gas_electricity,0.0,tj
industry_other_paper_heater_electricity,0.0,tj
industry_other_paper_hydrogen_hybrid_heat,0.0,tj
industry_other_paper_network_gas_hybrid_heat,9160.265301204923,tj
industry_refinery_transformation_crude_oil,2642416.0509999995,tj
industry_steel_blastfurnace_bof,43512.728757611585,tj
industry_steel_blastfurnace_bof_captured_co2_electricity,0.0,tj
industry_steel_blastfurnace_bof_production,4700.000000000009,tj
industry_steel_cyclonefurnace_bof,0.0,tj
industry_steel_cyclonefurnace_bof_captured_co2_electricity,0.0,tj
industry_steel_cyclonefurnace_bof_production,0.0,tj
industry_steel_dri_hydrogen,0.0,tj
industry_steel_dri_hydrogen_production,0.0,tj
industry_steel_dri_network_gas,0.0,tj
industry_steel_dri_network_gas_captured_co2_electricity,0.0,tj
industry_steel_dri_network_gas_production,0.0,tj
industry_steel_external_coupling_node,0.0,tj
industry_steel_external_coupling_node_captured_co2_electricity,0.0,tj
industry_steel_external_coupling_node_production,0.0,tj
industry_steel_production,4700.000000000009,tj
industry_steel_scrap_hbi_eaf,0.0,tj
industry_steel_scrap_hbi_eaf_production,0.0,tj
industry_unused_local_production_steam_hot_water,0.0,tj
industry_useful_demand_for_chemical_fertilizers_coal_non_energetic,0.0,tj
industry_useful_demand_for_chemical_fertilizers_crude_oil_non_energetic,0.0,tj
industry_useful_demand_for_chemical_fertilizers_electricity,1862.4007999999997,tj
industry_useful_demand_for_chemical_fertilizers_network_gas_non_energetic,50300.000000000175,tj
industry_useful_demand_for_chemical_fertilizers_useable_heat,17740.000000000047,tj
industry_useful_demand_for_chemical_fertilizers_wood_pellets_non_energetic,0.0,tj
industry_useful_demand_for_chemical_other_coal_non_energetic,0.0,tj
industry_useful_demand_for_chemical_other_crude_oil_non_energetic,201188.01669000005,tj
industry_useful_demand_for_chemical_other_electricity,40591.173000000046,tj
industry_useful_demand_for_chemical_other_hydrogen_non_energetic,0.0,tj
industry_useful_demand_for_chemical_other_naphtha_non_energetic,163893.617,tj
industry_useful_demand_for_chemical_other_network_gas_non_energetic,16678.792999999987,tj
industry_useful_demand_for_chemical_other_non_energetic,381760.42669000005,tj
industry_useful_demand_for_chemical_other_useable_heat,172907.79904049516,tj
industry_useful_demand_for_chemical_other_wood_pellets_non_energetic,0.0,tj
industry_useful_demand_for_chemical_refineries_coal_non_energetic,0.0,tj
industry_useful_demand_for_chemical_refineries_crude_oil_non_energetic,2642416.0509999995,tj
industry_useful_demand_for_chemical_refineries_electricity,9573.605999999982,tj
industry_useful_demand_for_chemical_refineries_network_gas_non_energetic,0.0,tj
industry_useful_demand_for_chemical_refineries_useable_heat,110431.15840999983,tj
industry_useful_demand_for_chemical_refineries_wood_pellets_non_energetic,0.0,tj
industry_useful_demand_for_other_food_electricity,24213.145999999986,tj
industry_useful_demand_for_other_food_useable_heat,48409.13799848413,tj
industry_useful_demand_for_other_ict_electricity,20036.86199999994,tj
industry_useful_demand_for_other_non_specified_ammonia_non_energetic,0.0,tj
industry_useful_demand_for_other_non_specified_coal,12.940999999999772,tj
industry_useful_demand_for_other_non_specified_coal_non_energetic,1011.129,tj
industry_useful_demand_for_other_non_specified_cokes,721.6489999999983,tj
industry_useful_demand_for_other_non_specified_cokes_non_energetic,251.399,tj
industry_useful_demand_for_other_non_specified_crude_oil,320.05177777804573,tj
industry_useful_demand_for_other_non_specified_crude_oil_non_energetic,10536.468309999962,tj
industry_useful_demand_for_other_non_specified_electricity,38252.42499999999,tj
industry_useful_demand_for_other_non_specified_hydrogen,0.0,tj
industry_useful_demand_for_other_non_specified_hydrogen_non_energetic,0.0,tj
industry_useful_demand_for_other_non_specified_methanol_non_energetic,0.0,tj
industry_useful_demand_for_other_non_specified_network_gas,50903.68582443439,tj
industry_useful_demand_for_other_non_specified_network_gas_non_energetic,0.0,tj
industry_useful_demand_for_other_non_specified_useable_heat,4441.502484680741,tj
industry_useful_demand_for_other_non_specified_waste_mix_non_energetic,0.0,tj
industry_useful_demand_for_other_non_specified_wood_pellets,3043.75155020601,tj
industry_useful_demand_for_other_non_specified_wood_pellets_non_energetic,0.0,tj
industry_useful_demand_for_other_paper_electricity,5855.305999999996,tj
industry_useful_demand_for_other_paper_useable_heat,10030.768702082973,tj
other_burner_coal,0.0,tj
other_burner_crude_oil,2605.5910000000003,tj
other_burner_network_gas,85.927,tj
other_burner_wood_pellets,0.0,tj
other_electricity_for_electricity,0.0,tj
other_final_demand_coal,0.0,tj
other_final_demand_crude_oil,2605.5910000000003,tj
other_final_demand_crude_oil_non_energetic,1732.896,tj
other_final_demand_electricity,0.0,tj
other_final_demand_for_heat_coal,0.0,tj
other_final_demand_for_heat_crude_oil,2605.5910000000003,tj
other_final_demand_for_heat_gas,85.927,tj
other_final_demand_for_heat_ht_steam_hot_water,0.0,tj
other_final_demand_for_heat_wood_pellets,0.0,tj
other_final_demand_ht_steam_hot_water,0.0,tj
other_final_demand_network_gas,85.927,tj
other_final_demand_wood_pellets,0.0,tj
other_heater_district_heating_ht_steam_hot_water,0.0,tj
other_useful_demand_crude_oil_non_energetic,1732.896,tj
other_useful_demand_electricity,0.0,tj
other_useful_demand_useable_heat,2132.2591608247426,tj
transport_bicycle_using_electricity,7.565541477388458,tj
transport_bicycle_using_human_energy,17583.841672074617,tj
transport_bus_flexibility_p2p_electricity,0.0,tj
transport_bus_using_compressed_natural_gas,495.5475869200626,tj
transport_bus_using_diesel_mix,4838.357808062973,tj
transport_bus_using_electricity,687.2181270647613,tj
transport_bus_using_gasoline_mix,191.77823720528332,tj
transport_bus_using_hydrogen,0.0,tj
transport_bus_using_lng_mix,7.254088888888884,tj
transport_car_flexibility_p2p_electricity,0.0,tj
transport_car_using_compressed_natural_gas,439.475624104623,tj
transport_car_using_diesel_mix,45190.352029913396,tj
transport_car_using_electricity,6913.680556145045,tj
transport_car_using_gasoline_mix,175044.2663609056,tj
transport_car_using_hydrogen,0.0,tj
transport_car_using_lpg,6664.250488784063,tj
transport_final_demand_ammonia,0.0,tj
transport_final_demand_bio_ethanol,10780.533,tj
transport_final_demand_bio_lng,0.0,tj
transport_final_demand_biodiesel,14927.998999999985,tj
transport_final_demand_coal,0.0,tj
transport_final_demand_compressed_network_gas,2441.000911111111,tj
transport_final_demand_crude_oil_non_energetic,2704.963,tj
transport_final_demand_diesel,225789.72671870585,tj
transport_final_demand_electricity,13980.178,tj
transport_final_demand_for_aviation_bio_ethanol,0.0,tj
transport_final_demand_for_aviation_electricity,0.0,tj
transport_final_demand_for_aviation_gasoline,57.378309283724704,tj
transport_final_demand_for_aviation_hydrogen,0.0,tj
transport_final_demand_for_aviation_kerosene,567.622,tj
transport_final_demand_for_rail_biodiesel,65.67700000000005,tj
transport_final_demand_for_rail_coal,0.0,tj
transport_final_demand_for_rail_diesel,928.6439999999998,tj
transport_final_demand_for_rail_electricity,6032.300000000002,tj
transport_final_demand_for_rail_hydrogen,0.0,tj
transport_final_demand_for_road_bio_ethanol,10780.533,tj
transport_final_demand_for_road_bio_lng,0.0,tj
transport_final_demand_for_road_biodiesel,14819.778999999984,tj
transport_final_demand_for_road_compressed_network_gas,2441.000911111111,tj
transport_final_demand_for_road_diesel,213649.83871870584,tj
transport_final_demand_for_road_electricity,7947.877999999999,tj
transport_final_demand_for_road_gasoline,169943.60069071627,tj
transport_final_demand_for_road_hydrogen,0.0,tj
transport_final_demand_for_road_lng,7.254088888888884,tj
transport_final_demand_for_road_lpg,9351.536281293791,tj
transport_final_demand_for_shipping_ammonia,0.0,tj
transport_final_demand_for_shipping_bio_ethanol,0.0,tj
transport_final_demand_for_shipping_bio_lng,0.0,tj
transport_final_demand_for_shipping_biodiesel,42.54300000000001,tj
transport_final_demand_for_shipping_diesel,11211.244,tj
transport_final_demand_for_shipping_electricity,0.0,tj
transport_final_demand_for_shipping_heavy_fuel_oil,0.0,tj
transport_final_demand_for_shipping_hydrogen,0.0,tj
transport_final_demand_for_shipping_lng,0.0,tj
transport_final_demand_gasoline,170000.979,tj
transport_final_demand_heavy_fuel_oil,0.0,tj
transport_final_demand_hydrogen,0.0,tj
transport_final_demand_kerosene,567.622,tj
transport_final_demand_lng,7.254088888888884,tj
transport_final_demand_lpg,9351.536281293791,tj
transport_freight_train_using_diesel_mix,515.2196794641387,tj
transport_freight_train_using_electricity,613.8428611499409,tj
transport_freight_train_using_hydrogen,0.0,tj
transport_motorcycle_using_electricity,80.64994326590994,tj
transport_motorcycle_using_gasoline_mix,4679.074554878722,tj
transport_passenger_train_using_coal,0.0,tj
transport_passenger_train_using_diesel_mix,479.101320535861,tj
transport_passenger_train_using_electricity,4949.215731797494,tj
transport_passenger_train_using_hydrogen,0.0,tj
transport_plane_using_bio_ethanol,0.0,tj
transport_plane_using_electricity,0.0,tj
transport_plane_using_gasoline,57.378309283724704,tj
transport_plane_using_hydrogen,0.0,tj
transport_plane_using_kerosene,567.622,tj
transport_rail_mixer_diesel,994.3209999999998,tj
transport_road_mixer_compressed_network_gas,2441.000911111111,tj
transport_road_mixer_diesel,228469.61771870582,tj
transport_road_mixer_gasoline,180724.1336907163,tj
transport_road_mixer_lng,7.254088888888884,tj
transport_ship_using_ammonia,0.0,tj
transport_ship_using_diesel_mix,11253.786999999997,tj
transport_ship_using_electricity,0.0,tj
transport_ship_using_hydrogen,0.0,tj
transport_ship_using_lng_mix,0.0,tj
transport_shipping_mixer_diesel,11253.786999999997,tj
transport_shipping_mixer_lng,0.0,tj
transport_tram_using_electricity,469.24140705256696,tj
transport_truck_flexibility_p2p_electricity,0.0,tj
transport_truck_using_compressed_natural_gas,1394.6963397830452,tj
transport_truck_using_diesel_mix,110695.40382333839,tj
transport_truck_using_electricity,15.714732793157244,tj
transport_truck_using_gasoline_mix,28.804218430099965,tj
transport_truck_using_hydrogen,0.0,tj
transport_truck_using_lng_mix,0.0,tj
transport_useful_demand_bicycles,17800.0,tj
transport_useful_demand_busses,8878.866213134692,tj
transport_useful_demand_cars,161041.4723828089,tj
transport_useful_demand_crude_oil_non_energetic,2704.963,tj
transport_useful_demand_freight_tonne_kms,151977.7478756303,tj
transport_useful_demand_freight_trains,5777.077485530068,tj
transport_useful_demand_motorcycles,4901.9011172525115,tj
transport_useful_demand_passenger_kms,212618.4656381827,tj
transport_useful_demand_passenger_trains,19049.815228282954,tj
transport_useful_demand_planes,179.67637145436333,tj
transport_useful_demand_ships,35726.307936507874,tj
transport_useful_demand_trams,766.7343252492924,tj
transport_useful_demand_trucks,108931.29710448303,tj
transport_useful_demand_vans,1543.0653491093303,tj
transport_van_flexibility_p2p_electricity,0.0,tj
transport_van_using_compressed_natural_gas,111.28136030337997,tj
transport_van_using_diesel_mix,67745.50405739102,tj
transport_van_using_electricity,243.04909925373744,tj
transport_van_using_gasoline_mix,780.2103192965587,tj
transport_van_using_hydrogen,0.0,tj
transport_van_using_lpg,2687.2857925097273,tj